{
  "accuracy": 0.8285714285714286,
  "precision": 0.8070175438596491,
  "recall": 0.7796610169491526,
  "f1": 0.7931034482758621,
  "roc_auc": 0.8667085164260306,
  "pr_auc": 0.8432530883430838,
  "confusion_matrix": [
    [
      70,
      11
    ],
    [
      13,
      46
    ]
  ],
  "n": 140,
  "threshold_used": 0.49999999999999994,
  "optimization": "global_F1_on_preds.csv"
}