{
  "accuracy": 0.40714285714285714,
  "precision": 0.18421052631578946,
  "recall": 0.11864406779661017,
  "f1": 0.14432989690721648,
  "roc_auc": 0.2835321196903118,
  "pr_auc": 0.3088769844822582,
  "confusion_matrix": [
    [
      50,
      31
    ],
    [
      52,
      7
    ]
  ],
  "n": 140,
  "threshold_used": null,
  "optimization": "pre-thresholded"
}