{
  "accuracy": 0.8285714285714286,
  "precision": 0.8181818181818182,
  "recall": 0.7627118644067796,
  "f1": 0.7894736842105263,
  "roc_auc": 0.8690102531910442,
  "pr_auc": 0.866412545500876,
  "confusion_matrix": [
    [
      71,
      10
    ],
    [
      14,
      45
    ]
  ],
  "n": 140,
  "threshold_used": 0.5449999999999999,
  "optimization": "global_F1_on_preds.csv"
}