{
  "mean": 0.4605412483215332,
  "std": 0.14822746813297272,
  "size": 224,
  "count": 140
}