{
  "mean": 0.46634331345558167,
  "std": 0.15401694178581238,
  "size": 64,
  "count": 50
}